"DateObject[{2019, 1, 1, 0, 0, 0.}, ""Instant"", ""Gregorian"", 8.]",0.352
"DateObject[{2019, 1, 2, 0, 0, 0.}, ""Instant"", ""Gregorian"", 8.]",0.38
"DateObject[{2019, 1, 3, 0, 0, 0.}, ""Instant"", ""Gregorian"", 8.]",0.40700000000000003
"DateObject[{2019, 1, 4, 0, 0, 0.}, ""Instant"", ""Gregorian"", 8.]",0.182
"DateObject[{2019, 1, 5, 0, 0, 0.}, ""Instant"", ""Gregorian"", 8.]",0.246
"DateObject[{2019, 1, 6, 0, 0, 0.}, ""Instant"", ""Gregorian"", 8.]",0.41200000000000003
"DateObject[{2019, 1, 7, 0, 0, 0.}, ""Instant"", ""Gregorian"", 8.]",0.22
"DateObject[{2019, 1, 8, 0, 0, 0.}, ""Instant"", ""Gregorian"", 8.]",0.191
"DateObject[{2019, 1, 9, 0, 0, 0.}, ""Instant"", ""Gregorian"", 8.]",0.357
"DateObject[{2019, 1, 10, 0, 0, 0.}, ""Instant"", ""Gregorian"", 8.]",0.368
"DateObject[{2019, 1, 11, 0, 0, 0.}, ""Instant"", ""Gregorian"", 8.]",0.41500000000000004
"DateObject[{2019, 1, 12, 0, 0, 0.}, ""Instant"", ""Gregorian"", 8.]",0.533
"DateObject[{2019, 1, 13, 0, 0, 0.}, ""Instant"", ""Gregorian"", 8.]",0.334
"DateObject[{2019, 1, 14, 0, 0, 0.}, ""Instant"", ""Gregorian"", 8.]",0.272
"DateObject[{2019, 1, 15, 0, 0, 0.}, ""Instant"", ""Gregorian"", 8.]",0.171
"DateObject[{2019, 1, 16, 0, 0, 0.}, ""Instant"", ""Gregorian"", 8.]",0.176
"DateObject[{2019, 1, 17, 0, 0, 0.}, ""Instant"", ""Gregorian"", 8.]",0.151
"DateObject[{2019, 1, 18, 0, 0, 0.}, ""Instant"", ""Gregorian"", 8.]",0.193
"DateObject[{2019, 1, 19, 0, 0, 0.}, ""Instant"", ""Gregorian"", 8.]",0.20500000000000002
"DateObject[{2019, 1, 20, 0, 0, 0.}, ""Instant"", ""Gregorian"", 8.]",0.134
"DateObject[{2019, 1, 21, 0, 0, 0.}, ""Instant"", ""Gregorian"", 8.]",0.11900000000000001
"DateObject[{2019, 1, 22, 0, 0, 0.}, ""Instant"", ""Gregorian"", 8.]",0.182
"DateObject[{2019, 1, 24, 0, 0, 0.}, ""Instant"", ""Gregorian"", 8.]",0.445
"DateObject[{2019, 1, 25, 0, 0, 0.}, ""Instant"", ""Gregorian"", 8.]",0.17400000000000002
"DateObject[{2019, 1, 26, 0, 0, 0.}, ""Instant"", ""Gregorian"", 8.]",0.255
"DateObject[{2019, 1, 27, 0, 0, 0.}, ""Instant"", ""Gregorian"", 8.]",0.166
"DateObject[{2019, 1, 28, 0, 0, 0.}, ""Instant"", ""Gregorian"", 8.]",0.148
"DateObject[{2019, 1, 29, 0, 0, 0.}, ""Instant"", ""Gregorian"", 8.]",0.28700000000000003
"DateObject[{2019, 1, 30, 0, 0, 0.}, ""Instant"", ""Gregorian"", 8.]",0.136
"DateObject[{2019, 1, 31, 0, 0, 0.}, ""Instant"", ""Gregorian"", 8.]",0.136
"DateObject[{2019, 2, 1, 0, 0, 0.}, ""Instant"", ""Gregorian"", 8.]",0.252
"DateObject[{2019, 2, 2, 0, 0, 0.}, ""Instant"", ""Gregorian"", 8.]",0.656
"DateObject[{2019, 2, 3, 0, 0, 0.}, ""Instant"", ""Gregorian"", 8.]",0.189
"DateObject[{2019, 2, 4, 0, 0, 0.}, ""Instant"", ""Gregorian"", 8.]",0.593
"DateObject[{2019, 2, 5, 0, 0, 0.}, ""Instant"", ""Gregorian"", 8.]",0.46900000000000003
"DateObject[{2019, 2, 6, 0, 0, 0.}, ""Instant"", ""Gregorian"", 8.]",0.34900000000000003
"DateObject[{2019, 2, 7, 0, 0, 0.}, ""Instant"", ""Gregorian"", 8.]",0.17200000000000001
"DateObject[{2019, 2, 8, 0, 0, 0.}, ""Instant"", ""Gregorian"", 8.]",0.195
"DateObject[{2019, 2, 9, 0, 0, 0.}, ""Instant"", ""Gregorian"", 8.]",0.216
"DateObject[{2019, 2, 10, 0, 0, 0.}, ""Instant"", ""Gregorian"", 8.]",0.273
"DateObject[{2019, 2, 11, 0, 0, 0.}, ""Instant"", ""Gregorian"", 8.]",0.214
"DateObject[{2019, 2, 12, 0, 0, 0.}, ""Instant"", ""Gregorian"", 8.]",0.523
"DateObject[{2019, 2, 13, 0, 0, 0.}, ""Instant"", ""Gregorian"", 8.]",0.254
"DateObject[{2019, 2, 14, 0, 0, 0.}, ""Instant"", ""Gregorian"", 8.]",0.739
"DateObject[{2019, 2, 15, 0, 0, 0.}, ""Instant"", ""Gregorian"", 8.]",0.302
"DateObject[{2019, 2, 16, 0, 0, 0.}, ""Instant"", ""Gregorian"", 8.]",0.20500000000000002
"DateObject[{2019, 2, 17, 0, 0, 0.}, ""Instant"", ""Gregorian"", 8.]",0.195
"DateObject[{2019, 2, 18, 0, 0, 0.}, ""Instant"", ""Gregorian"", 8.]",0.263
"DateObject[{2019, 2, 19, 0, 0, 0.}, ""Instant"", ""Gregorian"", 8.]",0.428
"DateObject[{2019, 2, 20, 0, 0, 0.}, ""Instant"", ""Gregorian"", 8.]",0.272
"DateObject[{2019, 2, 21, 0, 0, 0.}, ""Instant"", ""Gregorian"", 8.]",0.339
"DateObject[{2019, 2, 22, 0, 0, 0.}, ""Instant"", ""Gregorian"", 8.]",0.312
"DateObject[{2019, 2, 23, 0, 0, 0.}, ""Instant"", ""Gregorian"", 8.]",0.303
"DateObject[{2019, 2, 24, 0, 0, 0.}, ""Instant"", ""Gregorian"", 8.]",0.23600000000000002
"DateObject[{2019, 2, 25, 0, 0, 0.}, ""Instant"", ""Gregorian"", 8.]",0.259
"DateObject[{2019, 2, 26, 0, 0, 0.}, ""Instant"", ""Gregorian"", 8.]",0.41100000000000003
"DateObject[{2019, 2, 27, 0, 0, 0.}, ""Instant"", ""Gregorian"", 8.]",0.393
"DateObject[{2019, 2, 28, 0, 0, 0.}, ""Instant"", ""Gregorian"", 8.]",0.343
"DateObject[{2019, 3, 1, 0, 0, 0.}, ""Instant"", ""Gregorian"", 8.]",0.41100000000000003
"DateObject[{2019, 3, 2, 0, 0, 0.}, ""Instant"", ""Gregorian"", 8.]",0.397
"DateObject[{2019, 3, 3, 0, 0, 0.}, ""Instant"", ""Gregorian"", 8.]",0.467
"DateObject[{2019, 3, 4, 0, 0, 0.}, ""Instant"", ""Gregorian"", 8.]",0.28800000000000003
"DateObject[{2019, 3, 5, 0, 0, 0.}, ""Instant"", ""Gregorian"", 8.]",0.171
"DateObject[{2019, 3, 6, 0, 0, 0.}, ""Instant"", ""Gregorian"", 8.]",0.197
"DateObject[{2019, 3, 7, 0, 0, 0.}, ""Instant"", ""Gregorian"", 8.]",0.192
"DateObject[{2019, 3, 8, 0, 0, 0.}, ""Instant"", ""Gregorian"", 8.]",0.276
"DateObject[{2019, 3, 9, 0, 0, 0.}, ""Instant"", ""Gregorian"", 8.]",0.466
"DateObject[{2019, 3, 10, 0, 0, 0.}, ""Instant"", ""Gregorian"", 8.]",0.644
"DateObject[{2019, 3, 11, 0, 0, 0.}, ""Instant"", ""Gregorian"", 8.]",0.177
"DateObject[{2019, 3, 12, 0, 0, 0.}, ""Instant"", ""Gregorian"", 8.]",0.113
"DateObject[{2019, 3, 13, 0, 0, 0.}, ""Instant"", ""Gregorian"", 8.]",0.124
"DateObject[{2019, 3, 14, 0, 0, 0.}, ""Instant"", ""Gregorian"", 8.]",0.202
"DateObject[{2019, 3, 15, 0, 0, 0.}, ""Instant"", ""Gregorian"", 8.]",0.231
"DateObject[{2019, 3, 16, 0, 0, 0.}, ""Instant"", ""Gregorian"", 8.]",0.271
"DateObject[{2019, 3, 17, 0, 0, 0.}, ""Instant"", ""Gregorian"", 8.]",0.292
"DateObject[{2019, 3, 18, 0, 0, 0.}, ""Instant"", ""Gregorian"", 8.]",0.42
"DateObject[{2019, 3, 19, 0, 0, 0.}, ""Instant"", ""Gregorian"", 8.]",0.365
"DateObject[{2019, 3, 20, 0, 0, 0.}, ""Instant"", ""Gregorian"", 8.]",0.428
"DateObject[{2019, 3, 21, 0, 0, 0.}, ""Instant"", ""Gregorian"", 8.]",0.221
"DateObject[{2019, 3, 22, 0, 0, 0.}, ""Instant"", ""Gregorian"", 8.]",0.166
"DateObject[{2019, 3, 23, 0, 0, 0.}, ""Instant"", ""Gregorian"", 8.]",0.151
"DateObject[{2019, 3, 24, 0, 0, 0.}, ""Instant"", ""Gregorian"", 8.]",0.211
"DateObject[{2019, 3, 25, 0, 0, 0.}, ""Instant"", ""Gregorian"", 8.]",0.12
"DateObject[{2019, 3, 26, 0, 0, 0.}, ""Instant"", ""Gregorian"", 8.]",0.33
"DateObject[{2019, 3, 27, 0, 0, 0.}, ""Instant"", ""Gregorian"", 8.]",0.273
"DateObject[{2019, 3, 28, 0, 0, 0.}, ""Instant"", ""Gregorian"", 8.]",0.332
"DateObject[{2019, 3, 29, 0, 0, 0.}, ""Instant"", ""Gregorian"", 8.]",0.24
"DateObject[{2019, 3, 30, 0, 0, 0.}, ""Instant"", ""Gregorian"", 8.]",0.191
"DateObject[{2019, 3, 31, 0, 0, 0.}, ""Instant"", ""Gregorian"", 8.]",0.183
"DateObject[{2019, 4, 1, 0, 0, 0.}, ""Instant"", ""Gregorian"", 8.]",0.201
"DateObject[{2019, 4, 2, 0, 0, 0.}, ""Instant"", ""Gregorian"", 8.]",0.24
"DateObject[{2019, 4, 3, 0, 0, 0.}, ""Instant"", ""Gregorian"", 8.]",0.32
"DateObject[{2019, 4, 4, 0, 0, 0.}, ""Instant"", ""Gregorian"", 8.]",0.17400000000000002
"DateObject[{2019, 4, 5, 0, 0, 0.}, ""Instant"", ""Gregorian"", 8.]",0.217
"DateObject[{2019, 4, 6, 0, 0, 0.}, ""Instant"", ""Gregorian"", 8.]",0.226
"DateObject[{2019, 4, 7, 0, 0, 0.}, ""Instant"", ""Gregorian"", 8.]",0.25
"DateObject[{2019, 4, 8, 0, 0, 0.}, ""Instant"", ""Gregorian"", 8.]",0.214
"DateObject[{2019, 4, 9, 0, 0, 0.}, ""Instant"", ""Gregorian"", 8.]",0.75
"DateObject[{2019, 4, 10, 0, 0, 0.}, ""Instant"", ""Gregorian"", 8.]",0.305
"DateObject[{2019, 4, 11, 0, 0, 0.}, ""Instant"", ""Gregorian"", 8.]",0.427
"DateObject[{2019, 4, 12, 0, 0, 0.}, ""Instant"", ""Gregorian"", 8.]",0.399
"DateObject[{2019, 4, 13, 0, 0, 0.}, ""Instant"", ""Gregorian"", 8.]",0.20400000000000001
"DateObject[{2019, 4, 14, 0, 0, 0.}, ""Instant"", ""Gregorian"", 8.]",0.165
"DateObject[{2019, 4, 15, 0, 0, 0.}, ""Instant"", ""Gregorian"", 8.]",0.229
"DateObject[{2019, 4, 16, 0, 0, 0.}, ""Instant"", ""Gregorian"", 8.]",0.453
"DateObject[{2019, 4, 17, 0, 0, 0.}, ""Instant"", ""Gregorian"", 8.]",0.40700000000000003
"DateObject[{2019, 4, 18, 0, 0, 0.}, ""Instant"", ""Gregorian"", 8.]",0.257
"DateObject[{2019, 4, 19, 0, 0, 0.}, ""Instant"", ""Gregorian"", 8.]",0.358
"DateObject[{2019, 4, 20, 0, 0, 0.}, ""Instant"", ""Gregorian"", 8.]",0.793
"DateObject[{2019, 4, 21, 0, 0, 0.}, ""Instant"", ""Gregorian"", 8.]",0.439
"DateObject[{2019, 4, 22, 0, 0, 0.}, ""Instant"", ""Gregorian"", 8.]",0.599
"DateObject[{2019, 4, 23, 0, 0, 0.}, ""Instant"", ""Gregorian"", 8.]",0.677
"DateObject[{2019, 4, 25, 0, 0, 0.}, ""Instant"", ""Gregorian"", 8.]",0.46
"DateObject[{2019, 4, 26, 0, 0, 0.}, ""Instant"", ""Gregorian"", 8.]",0.47400000000000003
"DateObject[{2019, 4, 27, 0, 0, 0.}, ""Instant"", ""Gregorian"", 8.]",0.801
"DateObject[{2019, 4, 28, 0, 0, 0.}, ""Instant"", ""Gregorian"", 8.]",0.7030000000000001
"DateObject[{2019, 4, 29, 0, 0, 0.}, ""Instant"", ""Gregorian"", 8.]",0.664
"DateObject[{2019, 4, 30, 0, 0, 0.}, ""Instant"", ""Gregorian"", 8.]",0.251
"DateObject[{2019, 5, 1, 0, 0, 0.}, ""Instant"", ""Gregorian"", 8.]",0.18
"DateObject[{2019, 5, 2, 0, 0, 0.}, ""Instant"", ""Gregorian"", 8.]",0.20700000000000002
"DateObject[{2019, 5, 3, 0, 0, 0.}, ""Instant"", ""Gregorian"", 8.]",0.342
"DateObject[{2019, 5, 4, 0, 0, 0.}, ""Instant"", ""Gregorian"", 8.]",0.41600000000000004
"DateObject[{2019, 5, 5, 0, 0, 0.}, ""Instant"", ""Gregorian"", 8.]",0.21
"DateObject[{2019, 5, 6, 0, 0, 0.}, ""Instant"", ""Gregorian"", 8.]",0.183
"DateObject[{2019, 5, 7, 0, 0, 0.}, ""Instant"", ""Gregorian"", 8.]",0.184
"DateObject[{2019, 5, 8, 0, 0, 0.}, ""Instant"", ""Gregorian"", 8.]",0.443
"DateObject[{2019, 5, 9, 0, 0, 0.}, ""Instant"", ""Gregorian"", 8.]",0.272
"DateObject[{2019, 5, 10, 0, 0, 0.}, ""Instant"", ""Gregorian"", 8.]",0.391
"DateObject[{2019, 5, 11, 0, 0, 0.}, ""Instant"", ""Gregorian"", 8.]",0.47100000000000003
"DateObject[{2019, 5, 12, 0, 0, 0.}, ""Instant"", ""Gregorian"", 8.]",0.503
"DateObject[{2019, 5, 13, 0, 0, 0.}, ""Instant"", ""Gregorian"", 8.]",0.242
"DateObject[{2019, 5, 14, 0, 0, 0.}, ""Instant"", ""Gregorian"", 8.]",0.453
"DateObject[{2019, 5, 15, 0, 0, 0.}, ""Instant"", ""Gregorian"", 8.]",0.5740000000000001
"DateObject[{2019, 5, 20, 0, 0, 0.}, ""Instant"", ""Gregorian"", 8.]",0.265
"DateObject[{2019, 5, 21, 0, 0, 0.}, ""Instant"", ""Gregorian"", 8.]",0.305
"DateObject[{2019, 5, 22, 0, 0, 0.}, ""Instant"", ""Gregorian"", 8.]",0.341
"DateObject[{2019, 5, 23, 0, 0, 0.}, ""Instant"", ""Gregorian"", 8.]",0.419
"DateObject[{2019, 5, 24, 0, 0, 0.}, ""Instant"", ""Gregorian"", 8.]",0.392
"DateObject[{2019, 5, 25, 0, 0, 0.}, ""Instant"", ""Gregorian"", 8.]",0.484
"DateObject[{2019, 5, 26, 0, 0, 0.}, ""Instant"", ""Gregorian"", 8.]",0.646
"DateObject[{2019, 5, 27, 0, 0, 0.}, ""Instant"", ""Gregorian"", 8.]",0.249
"DateObject[{2019, 5, 28, 0, 0, 0.}, ""Instant"", ""Gregorian"", 8.]",0.289
"DateObject[{2019, 5, 29, 0, 0, 0.}, ""Instant"", ""Gregorian"", 8.]",0.334
"DateObject[{2019, 5, 30, 0, 0, 0.}, ""Instant"", ""Gregorian"", 8.]",0.213
"DateObject[{2019, 5, 31, 0, 0, 0.}, ""Instant"", ""Gregorian"", 8.]",0.188
"DateObject[{2019, 6, 1, 0, 0, 0.}, ""Instant"", ""Gregorian"", 8.]",0.494
"DateObject[{2019, 6, 2, 0, 0, 0.}, ""Instant"", ""Gregorian"", 8.]",0.595
"DateObject[{2019, 6, 3, 0, 0, 0.}, ""Instant"", ""Gregorian"", 8.]",0.513
"DateObject[{2019, 6, 4, 0, 0, 0.}, ""Instant"", ""Gregorian"", 8.]",0.6930000000000001
"DateObject[{2019, 6, 5, 0, 0, 0.}, ""Instant"", ""Gregorian"", 8.]",0.514
"DateObject[{2019, 6, 6, 0, 0, 0.}, ""Instant"", ""Gregorian"", 8.]",0.811
"DateObject[{2019, 6, 7, 0, 0, 0.}, ""Instant"", ""Gregorian"", 8.]",0.684
"DateObject[{2019, 6, 8, 0, 0, 0.}, ""Instant"", ""Gregorian"", 8.]",0.289
"DateObject[{2019, 6, 9, 0, 0, 0.}, ""Instant"", ""Gregorian"", 8.]",0.41600000000000004
"DateObject[{2019, 6, 10, 0, 0, 0.}, ""Instant"", ""Gregorian"", 8.]",0.461
"DateObject[{2019, 6, 11, 0, 0, 0.}, ""Instant"", ""Gregorian"", 8.]",0.558
"DateObject[{2019, 6, 12, 0, 0, 0.}, ""Instant"", ""Gregorian"", 8.]",0.49
"DateObject[{2019, 6, 13, 0, 0, 0.}, ""Instant"", ""Gregorian"", 8.]",0.583
"DateObject[{2019, 6, 14, 0, 0, 0.}, ""Instant"", ""Gregorian"", 8.]",0.321
"DateObject[{2019, 6, 15, 0, 0, 0.}, ""Instant"", ""Gregorian"", 8.]",0.426
"DateObject[{2019, 6, 16, 0, 0, 0.}, ""Instant"", ""Gregorian"", 8.]",0.786
"DateObject[{2019, 6, 17, 0, 0, 0.}, ""Instant"", ""Gregorian"", 8.]",0.682
"DateObject[{2019, 6, 18, 0, 0, 0.}, ""Instant"", ""Gregorian"", 8.]",0.612
"DateObject[{2019, 6, 19, 0, 0, 0.}, ""Instant"", ""Gregorian"", 8.]",0.647
"DateObject[{2019, 6, 20, 0, 0, 0.}, ""Instant"", ""Gregorian"", 8.]",0.531
"DateObject[{2019, 6, 21, 0, 0, 0.}, ""Instant"", ""Gregorian"", 8.]",0.522
"DateObject[{2019, 6, 22, 0, 0, 0.}, ""Instant"", ""Gregorian"", 8.]",0.359
"DateObject[{2019, 6, 23, 0, 0, 0.}, ""Instant"", ""Gregorian"", 8.]",0.461
"DateObject[{2019, 6, 24, 0, 0, 0.}, ""Instant"", ""Gregorian"", 8.]",0.376
"DateObject[{2019, 6, 25, 0, 0, 0.}, ""Instant"", ""Gregorian"", 8.]",0.493
"DateObject[{2019, 6, 26, 0, 0, 0.}, ""Instant"", ""Gregorian"", 8.]",0.551
"DateObject[{2019, 6, 27, 0, 0, 0.}, ""Instant"", ""Gregorian"", 8.]",0.509
"DateObject[{2019, 6, 28, 0, 0, 0.}, ""Instant"", ""Gregorian"", 8.]",0.555
"DateObject[{2019, 6, 29, 0, 0, 0.}, ""Instant"", ""Gregorian"", 8.]",0.31
"DateObject[{2019, 6, 30, 0, 0, 0.}, ""Instant"", ""Gregorian"", 8.]",0.365
"DateObject[{2019, 7, 1, 0, 0, 0.}, ""Instant"", ""Gregorian"", 8.]",0.28300000000000003
"DateObject[{2019, 7, 2, 0, 0, 0.}, ""Instant"", ""Gregorian"", 8.]",0.659
"DateObject[{2019, 7, 3, 0, 0, 0.}, ""Instant"", ""Gregorian"", 8.]",0.361
"DateObject[{2019, 7, 4, 0, 0, 0.}, ""Instant"", ""Gregorian"", 8.]",0.371
"DateObject[{2019, 7, 5, 0, 0, 0.}, ""Instant"", ""Gregorian"", 8.]",0.789
"DateObject[{2019, 7, 6, 0, 0, 0.}, ""Instant"", ""Gregorian"", 8.]",0.683
"DateObject[{2019, 7, 7, 0, 0, 0.}, ""Instant"", ""Gregorian"", 8.]",0.723
"DateObject[{2019, 7, 8, 0, 0, 0.}, ""Instant"", ""Gregorian"", 8.]",0.58
"DateObject[{2019, 7, 9, 0, 0, 0.}, ""Instant"", ""Gregorian"", 8.]",0.755
"DateObject[{2019, 7, 10, 0, 0, 0.}, ""Instant"", ""Gregorian"", 8.]",0.635
"DateObject[{2019, 7, 11, 0, 0, 0.}, ""Instant"", ""Gregorian"", 8.]",0.5740000000000001
"DateObject[{2019, 7, 12, 0, 0, 0.}, ""Instant"", ""Gregorian"", 8.]",0.529
"DateObject[{2019, 7, 13, 0, 0, 0.}, ""Instant"", ""Gregorian"", 8.]",0.618
"DateObject[{2019, 7, 14, 0, 0, 0.}, ""Instant"", ""Gregorian"", 8.]",0.584
"DateObject[{2019, 7, 15, 0, 0, 0.}, ""Instant"", ""Gregorian"", 8.]",0.618
"DateObject[{2019, 7, 16, 0, 0, 0.}, ""Instant"", ""Gregorian"", 8.]",0.662
"DateObject[{2019, 7, 17, 0, 0, 0.}, ""Instant"", ""Gregorian"", 8.]",0.8290000000000001
"DateObject[{2019, 7, 18, 0, 0, 0.}, ""Instant"", ""Gregorian"", 8.]",0.714
"DateObject[{2019, 7, 19, 0, 0, 0.}, ""Instant"", ""Gregorian"", 8.]",0.71
"DateObject[{2019, 7, 20, 0, 0, 0.}, ""Instant"", ""Gregorian"", 8.]",0.8150000000000001
"DateObject[{2019, 7, 21, 0, 0, 0.}, ""Instant"", ""Gregorian"", 8.]",0.58
"DateObject[{2019, 7, 22, 0, 0, 0.}, ""Instant"", ""Gregorian"", 8.]",0.833
"DateObject[{2019, 7, 23, 0, 0, 0.}, ""Instant"", ""Gregorian"", 8.]",0.646
"DateObject[{2019, 7, 24, 0, 0, 0.}, ""Instant"", ""Gregorian"", 8.]",0.627
"DateObject[{2019, 7, 25, 0, 0, 0.}, ""Instant"", ""Gregorian"", 8.]",0.594
"DateObject[{2019, 7, 26, 0, 0, 0.}, ""Instant"", ""Gregorian"", 8.]",0.684
"DateObject[{2019, 7, 27, 0, 0, 0.}, ""Instant"", ""Gregorian"", 8.]",0.651
"DateObject[{2019, 7, 28, 0, 0, 0.}, ""Instant"", ""Gregorian"", 8.]",0.768
"DateObject[{2019, 7, 29, 0, 0, 0.}, ""Instant"", ""Gregorian"", 8.]",0.881
"DateObject[{2019, 7, 30, 0, 0, 0.}, ""Instant"", ""Gregorian"", 8.]",0.716
"DateObject[{2019, 7, 31, 0, 0, 0.}, ""Instant"", ""Gregorian"", 8.]",0.557
"DateObject[{2019, 8, 1, 0, 0, 0.}, ""Instant"", ""Gregorian"", 8.]",0.651
"DateObject[{2019, 8, 2, 0, 0, 0.}, ""Instant"", ""Gregorian"", 8.]",0.84
"DateObject[{2019, 8, 3, 0, 0, 0.}, ""Instant"", ""Gregorian"", 8.]",0.723
"DateObject[{2019, 8, 4, 0, 0, 0.}, ""Instant"", ""Gregorian"", 8.]",0.791
"DateObject[{2019, 8, 5, 0, 0, 0.}, ""Instant"", ""Gregorian"", 8.]",0.875
"DateObject[{2019, 8, 6, 0, 0, 0.}, ""Instant"", ""Gregorian"", 8.]",0.786
"DateObject[{2019, 8, 7, 0, 0, 0.}, ""Instant"", ""Gregorian"", 8.]",0.801
"DateObject[{2019, 8, 8, 0, 0, 0.}, ""Instant"", ""Gregorian"", 8.]",0.731
"DateObject[{2019, 8, 9, 0, 0, 0.}, ""Instant"", ""Gregorian"", 8.]",0.844
"DateObject[{2019, 8, 10, 0, 0, 0.}, ""Instant"", ""Gregorian"", 8.]",0.878
"DateObject[{2019, 8, 11, 0, 0, 0.}, ""Instant"", ""Gregorian"", 8.]",0.807
"DateObject[{2019, 8, 12, 0, 0, 0.}, ""Instant"", ""Gregorian"", 8.]",0.666
"DateObject[{2019, 8, 14, 0, 0, 0.}, ""Instant"", ""Gregorian"", 8.]",0.654
"DateObject[{2019, 8, 15, 0, 0, 0.}, ""Instant"", ""Gregorian"", 8.]",0.605
"DateObject[{2019, 8, 16, 0, 0, 0.}, ""Instant"", ""Gregorian"", 8.]",0.385
"DateObject[{2019, 8, 17, 0, 0, 0.}, ""Instant"", ""Gregorian"", 8.]",0.438
"DateObject[{2019, 8, 18, 0, 0, 0.}, ""Instant"", ""Gregorian"", 8.]",0.552
"DateObject[{2019, 8, 19, 0, 0, 0.}, ""Instant"", ""Gregorian"", 8.]",0.614
"DateObject[{2019, 8, 20, 0, 0, 0.}, ""Instant"", ""Gregorian"", 8.]",0.915
"DateObject[{2019, 8, 21, 0, 0, 0.}, ""Instant"", ""Gregorian"", 8.]",0.512
"DateObject[{2019, 8, 22, 0, 0, 0.}, ""Instant"", ""Gregorian"", 8.]",0.5700000000000001
"DateObject[{2019, 8, 23, 0, 0, 0.}, ""Instant"", ""Gregorian"", 8.]",0.596
"DateObject[{2019, 8, 24, 0, 0, 0.}, ""Instant"", ""Gregorian"", 8.]",0.535
"DateObject[{2019, 8, 25, 0, 0, 0.}, ""Instant"", ""Gregorian"", 8.]",0.5760000000000001
"DateObject[{2019, 8, 26, 0, 0, 0.}, ""Instant"", ""Gregorian"", 8.]",0.8240000000000001
"DateObject[{2019, 8, 27, 0, 0, 0.}, ""Instant"", ""Gregorian"", 8.]",0.316
"DateObject[{2019, 8, 28, 0, 0, 0.}, ""Instant"", ""Gregorian"", 8.]",0.315
"DateObject[{2019, 8, 29, 0, 0, 0.}, ""Instant"", ""Gregorian"", 8.]",0.385
"DateObject[{2019, 8, 30, 0, 0, 0.}, ""Instant"", ""Gregorian"", 8.]",0.41500000000000004
"DateObject[{2019, 8, 31, 0, 0, 0.}, ""Instant"", ""Gregorian"", 8.]",0.439
"DateObject[{2019, 9, 1, 0, 0, 0.}, ""Instant"", ""Gregorian"", 8.]",0.503
"DateObject[{2019, 9, 2, 0, 0, 0.}, ""Instant"", ""Gregorian"", 8.]",0.509
"DateObject[{2019, 9, 4, 0, 0, 0.}, ""Instant"", ""Gregorian"", 8.]",0.651
"DateObject[{2019, 9, 5, 0, 0, 0.}, ""Instant"", ""Gregorian"", 8.]",0.558
"DateObject[{2019, 9, 6, 0, 0, 0.}, ""Instant"", ""Gregorian"", 8.]",0.558
"DateObject[{2019, 9, 7, 0, 0, 0.}, ""Instant"", ""Gregorian"", 8.]",0.495
"DateObject[{2019, 9, 8, 0, 0, 0.}, ""Instant"", ""Gregorian"", 8.]",0.483
"DateObject[{2019, 9, 9, 0, 0, 0.}, ""Instant"", ""Gregorian"", 8.]",0.74
"DateObject[{2019, 9, 10, 0, 0, 0.}, ""Instant"", ""Gregorian"", 8.]",0.835
"DateObject[{2019, 9, 11, 0, 0, 0.}, ""Instant"", ""Gregorian"", 8.]",0.629
"DateObject[{2019, 9, 12, 0, 0, 0.}, ""Instant"", ""Gregorian"", 8.]",0.607
"DateObject[{2019, 9, 13, 0, 0, 0.}, ""Instant"", ""Gregorian"", 8.]",0.751
"DateObject[{2019, 9, 14, 0, 0, 0.}, ""Instant"", ""Gregorian"", 8.]",0.554
"DateObject[{2019, 9, 15, 0, 0, 0.}, ""Instant"", ""Gregorian"", 8.]",0.6950000000000001
"DateObject[{2019, 9, 16, 0, 0, 0.}, ""Instant"", ""Gregorian"", 8.]",0.40800000000000003
"DateObject[{2019, 9, 17, 0, 0, 0.}, ""Instant"", ""Gregorian"", 8.]",0.604
"DateObject[{2019, 9, 18, 0, 0, 0.}, ""Instant"", ""Gregorian"", 8.]",0.40900000000000003
"DateObject[{2019, 9, 19, 0, 0, 0.}, ""Instant"", ""Gregorian"", 8.]",0.63
"DateObject[{2019, 9, 20, 0, 0, 0.}, ""Instant"", ""Gregorian"", 8.]",0.649
"DateObject[{2019, 9, 21, 0, 0, 0.}, ""Instant"", ""Gregorian"", 8.]",0.662
"DateObject[{2019, 9, 22, 0, 0, 0.}, ""Instant"", ""Gregorian"", 8.]",0.6960000000000001
"DateObject[{2019, 9, 23, 0, 0, 0.}, ""Instant"", ""Gregorian"", 8.]",0.426
"DateObject[{2019, 9, 24, 0, 0, 0.}, ""Instant"", ""Gregorian"", 8.]",0.422
"DateObject[{2019, 9, 25, 0, 0, 0.}, ""Instant"", ""Gregorian"", 8.]",0.577
"DateObject[{2019, 9, 26, 0, 0, 0.}, ""Instant"", ""Gregorian"", 8.]",0.639
"DateObject[{2019, 9, 27, 0, 0, 0.}, ""Instant"", ""Gregorian"", 8.]",0.728
"DateObject[{2019, 9, 28, 0, 0, 0.}, ""Instant"", ""Gregorian"", 8.]",0.711
"DateObject[{2019, 9, 29, 0, 0, 0.}, ""Instant"", ""Gregorian"", 8.]",0.6990000000000001
"DateObject[{2019, 9, 30, 0, 0, 0.}, ""Instant"", ""Gregorian"", 8.]",0.673
"DateObject[{2019, 10, 1, 0, 0, 0.}, ""Instant"", ""Gregorian"", 8.]",0.644
"DateObject[{2019, 10, 2, 0, 0, 0.}, ""Instant"", ""Gregorian"", 8.]",0.632
"DateObject[{2019, 10, 3, 0, 0, 0.}, ""Instant"", ""Gregorian"", 8.]",0.635
"DateObject[{2019, 10, 4, 0, 0, 0.}, ""Instant"", ""Gregorian"", 8.]",0.717
"DateObject[{2019, 10, 5, 0, 0, 0.}, ""Instant"", ""Gregorian"", 8.]",0.538
"DateObject[{2019, 10, 6, 0, 0, 0.}, ""Instant"", ""Gregorian"", 8.]",0.665
"DateObject[{2019, 10, 7, 0, 0, 0.}, ""Instant"", ""Gregorian"", 8.]",0.503
"DateObject[{2019, 10, 8, 0, 0, 0.}, ""Instant"", ""Gregorian"", 8.]",0.445
"DateObject[{2019, 10, 9, 0, 0, 0.}, ""Instant"", ""Gregorian"", 8.]",0.623
"DateObject[{2019, 10, 10, 0, 0, 0.}, ""Instant"", ""Gregorian"", 8.]",0.8190000000000001
"DateObject[{2019, 10, 11, 0, 0, 0.}, ""Instant"", ""Gregorian"", 8.]",0.63
"DateObject[{2019, 10, 12, 0, 0, 0.}, ""Instant"", ""Gregorian"", 8.]",0.611
"DateObject[{2019, 10, 13, 0, 0, 0.}, ""Instant"", ""Gregorian"", 8.]",0.8320000000000001
"DateObject[{2019, 10, 14, 0, 0, 0.}, ""Instant"", ""Gregorian"", 8.]",0.47600000000000003
"DateObject[{2019, 10, 15, 0, 0, 0.}, ""Instant"", ""Gregorian"", 8.]",0.514
"DateObject[{2019, 10, 16, 0, 0, 0.}, ""Instant"", ""Gregorian"", 8.]",0.511
"DateObject[{2019, 10, 17, 0, 0, 0.}, ""Instant"", ""Gregorian"", 8.]",0.771
"DateObject[{2019, 10, 18, 0, 0, 0.}, ""Instant"", ""Gregorian"", 8.]",0.767
"DateObject[{2019, 10, 19, 0, 0, 0.}, ""Instant"", ""Gregorian"", 8.]",0.853
"DateObject[{2019, 10, 20, 0, 0, 0.}, ""Instant"", ""Gregorian"", 8.]",0.33
"DateObject[{2019, 10, 21, 0, 0, 0.}, ""Instant"", ""Gregorian"", 8.]",0.496
"DateObject[{2019, 10, 22, 0, 0, 0.}, ""Instant"", ""Gregorian"", 8.]",0.717
"DateObject[{2019, 10, 23, 0, 0, 0.}, ""Instant"", ""Gregorian"", 8.]",0.705
"DateObject[{2019, 10, 24, 0, 0, 0.}, ""Instant"", ""Gregorian"", 8.]",0.549
"DateObject[{2019, 10, 25, 0, 0, 0.}, ""Instant"", ""Gregorian"", 8.]",0.512
"DateObject[{2019, 10, 26, 0, 0, 0.}, ""Instant"", ""Gregorian"", 8.]",0.623
"DateObject[{2019, 10, 27, 0, 0, 0.}, ""Instant"", ""Gregorian"", 8.]",0.505
"DateObject[{2019, 10, 28, 0, 0, 0.}, ""Instant"", ""Gregorian"", 8.]",0.314
"DateObject[{2019, 10, 29, 0, 0, 0.}, ""Instant"", ""Gregorian"", 8.]",0.493
"DateObject[{2019, 10, 30, 0, 0, 0.}, ""Instant"", ""Gregorian"", 8.]",0.511
"DateObject[{2019, 10, 31, 0, 0, 0.}, ""Instant"", ""Gregorian"", 8.]",0.454
"DateObject[{2019, 11, 1, 0, 0, 0.}, ""Instant"", ""Gregorian"", 8.]",0.5740000000000001
"DateObject[{2019, 11, 2, 0, 0, 0.}, ""Instant"", ""Gregorian"", 8.]",0.749
"DateObject[{2019, 11, 3, 0, 0, 0.}, ""Instant"", ""Gregorian"", 8.]",0.678
"DateObject[{2019, 11, 4, 0, 0, 0.}, ""Instant"", ""Gregorian"", 8.]",0.736
"DateObject[{2019, 11, 5, 0, 0, 0.}, ""Instant"", ""Gregorian"", 8.]",0.598
"DateObject[{2019, 11, 6, 0, 0, 0.}, ""Instant"", ""Gregorian"", 8.]",0.709
"DateObject[{2019, 11, 7, 0, 0, 0.}, ""Instant"", ""Gregorian"", 8.]",0.376
"DateObject[{2019, 11, 8, 0, 0, 0.}, ""Instant"", ""Gregorian"", 8.]",0.577
"DateObject[{2019, 11, 9, 0, 0, 0.}, ""Instant"", ""Gregorian"", 8.]",0.708
"DateObject[{2019, 11, 10, 0, 0, 0.}, ""Instant"", ""Gregorian"", 8.]",0.428
"DateObject[{2019, 11, 11, 0, 0, 0.}, ""Instant"", ""Gregorian"", 8.]",0.47000000000000003
"DateObject[{2019, 11, 12, 0, 0, 0.}, ""Instant"", ""Gregorian"", 8.]",0.48
"DateObject[{2019, 11, 13, 0, 0, 0.}, ""Instant"", ""Gregorian"", 8.]",0.292
"DateObject[{2019, 11, 14, 0, 0, 0.}, ""Instant"", ""Gregorian"", 8.]",0.47700000000000004
"DateObject[{2019, 11, 15, 0, 0, 0.}, ""Instant"", ""Gregorian"", 8.]",0.614
"DateObject[{2019, 11, 16, 0, 0, 0.}, ""Instant"", ""Gregorian"", 8.]",0.665
"DateObject[{2019, 11, 17, 0, 0, 0.}, ""Instant"", ""Gregorian"", 8.]",0.28200000000000003
"DateObject[{2019, 11, 18, 0, 0, 0.}, ""Instant"", ""Gregorian"", 8.]",0.191
"DateObject[{2019, 11, 19, 0, 0, 0.}, ""Instant"", ""Gregorian"", 8.]",0.28200000000000003
"DateObject[{2019, 11, 20, 0, 0, 0.}, ""Instant"", ""Gregorian"", 8.]",0.544
"DateObject[{2019, 11, 21, 0, 0, 0.}, ""Instant"", ""Gregorian"", 8.]",0.71
"DateObject[{2019, 11, 22, 0, 0, 0.}, ""Instant"", ""Gregorian"", 8.]",0.705
"DateObject[{2019, 11, 23, 0, 0, 0.}, ""Instant"", ""Gregorian"", 8.]",0.5720000000000001
"DateObject[{2019, 11, 24, 0, 0, 0.}, ""Instant"", ""Gregorian"", 8.]",0.189
"DateObject[{2019, 11, 25, 0, 0, 0.}, ""Instant"", ""Gregorian"", 8.]",0.338
"DateObject[{2019, 11, 26, 0, 0, 0.}, ""Instant"", ""Gregorian"", 8.]",0.303
"DateObject[{2019, 11, 27, 0, 0, 0.}, ""Instant"", ""Gregorian"", 8.]",0.303
"DateObject[{2019, 11, 28, 0, 0, 0.}, ""Instant"", ""Gregorian"", 8.]",0.518
"DateObject[{2019, 11, 29, 0, 0, 0.}, ""Instant"", ""Gregorian"", 8.]",0.6990000000000001
"DateObject[{2019, 11, 30, 0, 0, 0.}, ""Instant"", ""Gregorian"", 8.]",0.497
"DateObject[{2019, 12, 1, 0, 0, 0.}, ""Instant"", ""Gregorian"", 8.]",0.321
"DateObject[{2019, 12, 2, 0, 0, 0.}, ""Instant"", ""Gregorian"", 8.]",0.271
"DateObject[{2019, 12, 3, 0, 0, 0.}, ""Instant"", ""Gregorian"", 8.]",0.317
"DateObject[{2019, 12, 4, 0, 0, 0.}, ""Instant"", ""Gregorian"", 8.]",0.378
"DateObject[{2019, 12, 5, 0, 0, 0.}, ""Instant"", ""Gregorian"", 8.]",0.40800000000000003
"DateObject[{2019, 12, 6, 0, 0, 0.}, ""Instant"", ""Gregorian"", 8.]",0.615
"DateObject[{2019, 12, 7, 0, 0, 0.}, ""Instant"", ""Gregorian"", 8.]",0.592
"DateObject[{2019, 12, 8, 0, 0, 0.}, ""Instant"", ""Gregorian"", 8.]",0.894
"DateObject[{2019, 12, 9, 0, 0, 0.}, ""Instant"", ""Gregorian"", 8.]",0.771
"DateObject[{2019, 12, 10, 0, 0, 0.}, ""Instant"", ""Gregorian"", 8.]",0.441
"DateObject[{2019, 12, 11, 0, 0, 0.}, ""Instant"", ""Gregorian"", 8.]",0.263
"DateObject[{2019, 12, 12, 0, 0, 0.}, ""Instant"", ""Gregorian"", 8.]",0.429
"DateObject[{2019, 12, 13, 0, 0, 0.}, ""Instant"", ""Gregorian"", 8.]",0.332
"DateObject[{2019, 12, 14, 0, 0, 0.}, ""Instant"", ""Gregorian"", 8.]",0.47200000000000003
"DateObject[{2019, 12, 15, 0, 0, 0.}, ""Instant"", ""Gregorian"", 8.]",0.655
"DateObject[{2019, 12, 16, 0, 0, 0.}, ""Instant"", ""Gregorian"", 8.]",0.835
"DateObject[{2019, 12, 17, 0, 0, 0.}, ""Instant"", ""Gregorian"", 8.]",0.454
"DateObject[{2019, 12, 18, 0, 0, 0.}, ""Instant"", ""Gregorian"", 8.]",0.594
"DateObject[{2019, 12, 19, 0, 0, 0.}, ""Instant"", ""Gregorian"", 8.]",0.35000000000000003
"DateObject[{2019, 12, 20, 0, 0, 0.}, ""Instant"", ""Gregorian"", 8.]",0.549
"DateObject[{2019, 12, 21, 0, 0, 0.}, ""Instant"", ""Gregorian"", 8.]",0.5640000000000001
"DateObject[{2019, 12, 22, 0, 0, 0.}, ""Instant"", ""Gregorian"", 8.]",0.55
"DateObject[{2019, 12, 23, 0, 0, 0.}, ""Instant"", ""Gregorian"", 8.]",0.585
"DateObject[{2019, 12, 24, 0, 0, 0.}, ""Instant"", ""Gregorian"", 8.]",0.844
"DateObject[{2019, 12, 25, 0, 0, 0.}, ""Instant"", ""Gregorian"", 8.]",0.456
"DateObject[{2019, 12, 26, 0, 0, 0.}, ""Instant"", ""Gregorian"", 8.]",0.382
"DateObject[{2019, 12, 27, 0, 0, 0.}, ""Instant"", ""Gregorian"", 8.]",0.58
"DateObject[{2019, 12, 28, 0, 0, 0.}, ""Instant"", ""Gregorian"", 8.]",0.7010000000000001
"DateObject[{2019, 12, 29, 0, 0, 0.}, ""Instant"", ""Gregorian"", 8.]",0.376
"DateObject[{2019, 12, 30, 0, 0, 0.}, ""Instant"", ""Gregorian"", 8.]",0.268
"DateObject[{2019, 12, 31, 0, 0, 0.}, ""Instant"", ""Gregorian"", 8.]",0.41100000000000003
