"DateObject[{2019, 1, 1, 0, 0, 0.}, ""Instant"", ""Gregorian"", 8.]",0.41600000000000004
"DateObject[{2019, 1, 2, 0, 0, 0.}, ""Instant"", ""Gregorian"", 8.]",0.604
"DateObject[{2019, 1, 3, 0, 0, 0.}, ""Instant"", ""Gregorian"", 8.]",0.372
"DateObject[{2019, 1, 4, 0, 0, 0.}, ""Instant"", ""Gregorian"", 8.]",0.49
"DateObject[{2019, 1, 5, 0, 0, 0.}, ""Instant"", ""Gregorian"", 8.]",0.482
"DateObject[{2019, 1, 6, 0, 0, 0.}, ""Instant"", ""Gregorian"", 8.]",0.625
"DateObject[{2019, 1, 7, 0, 0, 0.}, ""Instant"", ""Gregorian"", 8.]",0.655
"DateObject[{2019, 1, 8, 0, 0, 0.}, ""Instant"", ""Gregorian"", 8.]",0.754
"DateObject[{2019, 1, 9, 0, 0, 0.}, ""Instant"", ""Gregorian"", 8.]",0.6890000000000001
"DateObject[{2019, 1, 10, 0, 0, 0.}, ""Instant"", ""Gregorian"", 8.]",0.481
"DateObject[{2019, 1, 11, 0, 0, 0.}, ""Instant"", ""Gregorian"", 8.]",0.535
"DateObject[{2019, 1, 12, 0, 0, 0.}, ""Instant"", ""Gregorian"", 8.]",0.46
"DateObject[{2019, 1, 13, 0, 0, 0.}, ""Instant"", ""Gregorian"", 8.]",0.6990000000000001
"DateObject[{2019, 1, 14, 0, 0, 0.}, ""Instant"", ""Gregorian"", 8.]",0.708
"DateObject[{2019, 1, 15, 0, 0, 0.}, ""Instant"", ""Gregorian"", 8.]",0.40900000000000003
"DateObject[{2019, 1, 16, 0, 0, 0.}, ""Instant"", ""Gregorian"", 8.]",0.665
"DateObject[{2019, 1, 17, 0, 0, 0.}, ""Instant"", ""Gregorian"", 8.]",0.767
"DateObject[{2019, 1, 18, 0, 0, 0.}, ""Instant"", ""Gregorian"", 8.]",0.77
"DateObject[{2019, 1, 19, 0, 0, 0.}, ""Instant"", ""Gregorian"", 8.]",0.801
"DateObject[{2019, 1, 20, 0, 0, 0.}, ""Instant"", ""Gregorian"", 8.]",0.909
"DateObject[{2019, 1, 21, 0, 0, 0.}, ""Instant"", ""Gregorian"", 8.]",0.902
"DateObject[{2019, 1, 22, 0, 0, 0.}, ""Instant"", ""Gregorian"", 8.]",0.908
"DateObject[{2019, 1, 23, 0, 0, 0.}, ""Instant"", ""Gregorian"", 8.]",0.755
"DateObject[{2019, 1, 24, 0, 0, 0.}, ""Instant"", ""Gregorian"", 8.]",0.731
"DateObject[{2019, 1, 25, 0, 0, 0.}, ""Instant"", ""Gregorian"", 8.]",0.5680000000000001
"DateObject[{2019, 1, 26, 0, 0, 0.}, ""Instant"", ""Gregorian"", 8.]",0.446
"DateObject[{2019, 1, 27, 0, 0, 0.}, ""Instant"", ""Gregorian"", 8.]",0.812
"DateObject[{2019, 1, 28, 0, 0, 0.}, ""Instant"", ""Gregorian"", 8.]",0.718
"DateObject[{2019, 1, 29, 0, 0, 0.}, ""Instant"", ""Gregorian"", 8.]",0.761
"DateObject[{2019, 1, 30, 0, 0, 0.}, ""Instant"", ""Gregorian"", 8.]",0.861
"DateObject[{2019, 1, 31, 0, 0, 0.}, ""Instant"", ""Gregorian"", 8.]",0.773
"DateObject[{2019, 2, 1, 0, 0, 0.}, ""Instant"", ""Gregorian"", 8.]",0.887
"DateObject[{2019, 2, 2, 0, 0, 0.}, ""Instant"", ""Gregorian"", 8.]",0.919
"DateObject[{2019, 2, 3, 0, 0, 0.}, ""Instant"", ""Gregorian"", 8.]",0.763
"DateObject[{2019, 2, 4, 0, 0, 0.}, ""Instant"", ""Gregorian"", 8.]",0.628
"DateObject[{2019, 2, 5, 0, 0, 0.}, ""Instant"", ""Gregorian"", 8.]",0.538
"DateObject[{2019, 2, 6, 0, 0, 0.}, ""Instant"", ""Gregorian"", 8.]",0.452
"DateObject[{2019, 2, 7, 0, 0, 0.}, ""Instant"", ""Gregorian"", 8.]",0.62
"DateObject[{2019, 2, 8, 0, 0, 0.}, ""Instant"", ""Gregorian"", 8.]",0.704
"DateObject[{2019, 2, 9, 0, 0, 0.}, ""Instant"", ""Gregorian"", 8.]",0.736
"DateObject[{2019, 2, 10, 0, 0, 0.}, ""Instant"", ""Gregorian"", 8.]",0.755
"DateObject[{2019, 2, 11, 0, 0, 0.}, ""Instant"", ""Gregorian"", 8.]",0.603
"DateObject[{2019, 2, 12, 0, 0, 0.}, ""Instant"", ""Gregorian"", 8.]",0.34800000000000003
"DateObject[{2019, 2, 13, 0, 0, 0.}, ""Instant"", ""Gregorian"", 8.]",0.40800000000000003
"DateObject[{2019, 2, 14, 0, 0, 0.}, ""Instant"", ""Gregorian"", 8.]",0.419
"DateObject[{2019, 2, 15, 0, 0, 0.}, ""Instant"", ""Gregorian"", 8.]",0.396
"DateObject[{2019, 2, 16, 0, 0, 0.}, ""Instant"", ""Gregorian"", 8.]",0.533
"DateObject[{2019, 2, 17, 0, 0, 0.}, ""Instant"", ""Gregorian"", 8.]",0.671
"DateObject[{2019, 2, 18, 0, 0, 0.}, ""Instant"", ""Gregorian"", 8.]",0.755
"DateObject[{2019, 2, 19, 0, 0, 0.}, ""Instant"", ""Gregorian"", 8.]",0.6900000000000001
"DateObject[{2019, 2, 20, 0, 0, 0.}, ""Instant"", ""Gregorian"", 8.]",0.637
"DateObject[{2019, 2, 21, 0, 0, 0.}, ""Instant"", ""Gregorian"", 8.]",0.636
"DateObject[{2019, 2, 22, 0, 0, 0.}, ""Instant"", ""Gregorian"", 8.]",0.671
"DateObject[{2019, 2, 23, 0, 0, 0.}, ""Instant"", ""Gregorian"", 8.]",0.228
"DateObject[{2019, 2, 24, 0, 0, 0.}, ""Instant"", ""Gregorian"", 8.]",0.252
"DateObject[{2019, 2, 25, 0, 0, 0.}, ""Instant"", ""Gregorian"", 8.]",0.438
"DateObject[{2019, 2, 26, 0, 0, 0.}, ""Instant"", ""Gregorian"", 8.]",0.61
"DateObject[{2019, 2, 27, 0, 0, 0.}, ""Instant"", ""Gregorian"", 8.]",0.262
"DateObject[{2019, 2, 28, 0, 0, 0.}, ""Instant"", ""Gregorian"", 8.]",0.521
"DateObject[{2019, 3, 1, 0, 0, 0.}, ""Instant"", ""Gregorian"", 8.]",0.726
"DateObject[{2019, 3, 2, 0, 0, 0.}, ""Instant"", ""Gregorian"", 8.]",0.509
"DateObject[{2019, 3, 3, 0, 0, 0.}, ""Instant"", ""Gregorian"", 8.]",0.667
"DateObject[{2019, 3, 4, 0, 0, 0.}, ""Instant"", ""Gregorian"", 8.]",0.704
"DateObject[{2019, 3, 5, 0, 0, 0.}, ""Instant"", ""Gregorian"", 8.]",0.767
"DateObject[{2019, 3, 6, 0, 0, 0.}, ""Instant"", ""Gregorian"", 8.]",0.651
"DateObject[{2019, 3, 7, 0, 0, 0.}, ""Instant"", ""Gregorian"", 8.]",0.599
"DateObject[{2019, 3, 8, 0, 0, 0.}, ""Instant"", ""Gregorian"", 8.]",0.781
"DateObject[{2019, 3, 9, 0, 0, 0.}, ""Instant"", ""Gregorian"", 8.]",0.6990000000000001
"DateObject[{2019, 3, 10, 0, 0, 0.}, ""Instant"", ""Gregorian"", 8.]",0.843
"DateObject[{2019, 3, 11, 0, 0, 0.}, ""Instant"", ""Gregorian"", 8.]",0.743
"DateObject[{2019, 3, 12, 0, 0, 0.}, ""Instant"", ""Gregorian"", 8.]",0.252
"DateObject[{2019, 3, 13, 0, 0, 0.}, ""Instant"", ""Gregorian"", 8.]",0.501
"DateObject[{2019, 3, 14, 0, 0, 0.}, ""Instant"", ""Gregorian"", 8.]",0.461
"DateObject[{2019, 3, 15, 0, 0, 0.}, ""Instant"", ""Gregorian"", 8.]",0.5670000000000001
"DateObject[{2019, 3, 16, 0, 0, 0.}, ""Instant"", ""Gregorian"", 8.]",0.79
"DateObject[{2019, 3, 17, 0, 0, 0.}, ""Instant"", ""Gregorian"", 8.]",0.755
"DateObject[{2019, 3, 18, 0, 0, 0.}, ""Instant"", ""Gregorian"", 8.]",0.6950000000000001
"DateObject[{2019, 3, 19, 0, 0, 0.}, ""Instant"", ""Gregorian"", 8.]",0.609
"DateObject[{2019, 3, 20, 0, 0, 0.}, ""Instant"", ""Gregorian"", 8.]",0.46
"DateObject[{2019, 3, 21, 0, 0, 0.}, ""Instant"", ""Gregorian"", 8.]",0.37
"DateObject[{2019, 3, 22, 0, 0, 0.}, ""Instant"", ""Gregorian"", 8.]",0.42
"DateObject[{2019, 3, 23, 0, 0, 0.}, ""Instant"", ""Gregorian"", 8.]",0.436
"DateObject[{2019, 3, 24, 0, 0, 0.}, ""Instant"", ""Gregorian"", 8.]",0.438
"DateObject[{2019, 3, 25, 0, 0, 0.}, ""Instant"", ""Gregorian"", 8.]",0.614
"DateObject[{2019, 3, 26, 0, 0, 0.}, ""Instant"", ""Gregorian"", 8.]",0.751
"DateObject[{2019, 3, 27, 0, 0, 0.}, ""Instant"", ""Gregorian"", 8.]",0.391
"DateObject[{2019, 3, 28, 0, 0, 0.}, ""Instant"", ""Gregorian"", 8.]",0.358
"DateObject[{2019, 3, 29, 0, 0, 0.}, ""Instant"", ""Gregorian"", 8.]",0.318
"DateObject[{2019, 3, 30, 0, 0, 0.}, ""Instant"", ""Gregorian"", 8.]",0.444
"DateObject[{2019, 3, 31, 0, 0, 0.}, ""Instant"", ""Gregorian"", 8.]",0.534
"DateObject[{2019, 4, 1, 0, 0, 0.}, ""Instant"", ""Gregorian"", 8.]",0.588
"DateObject[{2019, 4, 2, 0, 0, 0.}, ""Instant"", ""Gregorian"", 8.]",0.647
"DateObject[{2019, 4, 3, 0, 0, 0.}, ""Instant"", ""Gregorian"", 8.]",0.768
"DateObject[{2019, 4, 4, 0, 0, 0.}, ""Instant"", ""Gregorian"", 8.]",0.792
"DateObject[{2019, 4, 5, 0, 0, 0.}, ""Instant"", ""Gregorian"", 8.]",0.644
"DateObject[{2019, 4, 6, 0, 0, 0.}, ""Instant"", ""Gregorian"", 8.]",0.588
"DateObject[{2019, 4, 7, 0, 0, 0.}, ""Instant"", ""Gregorian"", 8.]",0.737
"DateObject[{2019, 4, 8, 0, 0, 0.}, ""Instant"", ""Gregorian"", 8.]",0.677
"DateObject[{2019, 4, 9, 0, 0, 0.}, ""Instant"", ""Gregorian"", 8.]",0.674
"DateObject[{2019, 4, 10, 0, 0, 0.}, ""Instant"", ""Gregorian"", 8.]",0.779
"DateObject[{2019, 4, 11, 0, 0, 0.}, ""Instant"", ""Gregorian"", 8.]",0.743
"DateObject[{2019, 4, 12, 0, 0, 0.}, ""Instant"", ""Gregorian"", 8.]",0.761
"DateObject[{2019, 4, 13, 0, 0, 0.}, ""Instant"", ""Gregorian"", 8.]",0.797
"DateObject[{2019, 4, 14, 0, 0, 0.}, ""Instant"", ""Gregorian"", 8.]",0.735
"DateObject[{2019, 4, 15, 0, 0, 0.}, ""Instant"", ""Gregorian"", 8.]",0.5700000000000001
"DateObject[{2019, 4, 16, 0, 0, 0.}, ""Instant"", ""Gregorian"", 8.]",0.639
"DateObject[{2019, 4, 17, 0, 0, 0.}, ""Instant"", ""Gregorian"", 8.]",0.649
"DateObject[{2019, 4, 18, 0, 0, 0.}, ""Instant"", ""Gregorian"", 8.]",0.547
"DateObject[{2019, 4, 19, 0, 0, 0.}, ""Instant"", ""Gregorian"", 8.]",0.452
"DateObject[{2019, 4, 20, 0, 0, 0.}, ""Instant"", ""Gregorian"", 8.]",0.484
"DateObject[{2019, 4, 21, 0, 0, 0.}, ""Instant"", ""Gregorian"", 8.]",0.615
"DateObject[{2019, 4, 22, 0, 0, 0.}, ""Instant"", ""Gregorian"", 8.]",0.635
"DateObject[{2019, 4, 23, 0, 0, 0.}, ""Instant"", ""Gregorian"", 8.]",0.735
"DateObject[{2019, 4, 25, 0, 0, 0.}, ""Instant"", ""Gregorian"", 8.]",0.525
"DateObject[{2019, 4, 26, 0, 0, 0.}, ""Instant"", ""Gregorian"", 8.]",0.784
"DateObject[{2019, 4, 27, 0, 0, 0.}, ""Instant"", ""Gregorian"", 8.]",0.65
"DateObject[{2019, 4, 28, 0, 0, 0.}, ""Instant"", ""Gregorian"", 8.]",0.687
"DateObject[{2019, 4, 29, 0, 0, 0.}, ""Instant"", ""Gregorian"", 8.]",0.883
"DateObject[{2019, 4, 30, 0, 0, 0.}, ""Instant"", ""Gregorian"", 8.]",0.657
"DateObject[{2019, 5, 1, 0, 0, 0.}, ""Instant"", ""Gregorian"", 8.]",0.779
"DateObject[{2019, 5, 2, 0, 0, 0.}, ""Instant"", ""Gregorian"", 8.]",0.6980000000000001
"DateObject[{2019, 5, 3, 0, 0, 0.}, ""Instant"", ""Gregorian"", 8.]",0.633
"DateObject[{2019, 5, 4, 0, 0, 0.}, ""Instant"", ""Gregorian"", 8.]",0.857
"DateObject[{2019, 5, 5, 0, 0, 0.}, ""Instant"", ""Gregorian"", 8.]",0.681
"DateObject[{2019, 5, 6, 0, 0, 0.}, ""Instant"", ""Gregorian"", 8.]",0.62
"DateObject[{2019, 5, 7, 0, 0, 0.}, ""Instant"", ""Gregorian"", 8.]",0.52
"DateObject[{2019, 5, 8, 0, 0, 0.}, ""Instant"", ""Gregorian"", 8.]",0.628
"DateObject[{2019, 5, 9, 0, 0, 0.}, ""Instant"", ""Gregorian"", 8.]",0.766
"DateObject[{2019, 5, 10, 0, 0, 0.}, ""Instant"", ""Gregorian"", 8.]",0.604
"DateObject[{2019, 5, 11, 0, 0, 0.}, ""Instant"", ""Gregorian"", 8.]",0.628
"DateObject[{2019, 5, 12, 0, 0, 0.}, ""Instant"", ""Gregorian"", 8.]",0.849
"DateObject[{2019, 5, 13, 0, 0, 0.}, ""Instant"", ""Gregorian"", 8.]",0.718
"DateObject[{2019, 5, 14, 0, 0, 0.}, ""Instant"", ""Gregorian"", 8.]",0.549
"DateObject[{2019, 5, 15, 0, 0, 0.}, ""Instant"", ""Gregorian"", 8.]",0.911
"DateObject[{2019, 5, 20, 0, 0, 0.}, ""Instant"", ""Gregorian"", 8.]",0.772
"DateObject[{2019, 5, 21, 0, 0, 0.}, ""Instant"", ""Gregorian"", 8.]",0.794
"DateObject[{2019, 5, 22, 0, 0, 0.}, ""Instant"", ""Gregorian"", 8.]",0.746
"DateObject[{2019, 5, 23, 0, 0, 0.}, ""Instant"", ""Gregorian"", 8.]",0.726
"DateObject[{2019, 5, 24, 0, 0, 0.}, ""Instant"", ""Gregorian"", 8.]",0.725
"DateObject[{2019, 5, 25, 0, 0, 0.}, ""Instant"", ""Gregorian"", 8.]",0.791
"DateObject[{2019, 5, 26, 0, 0, 0.}, ""Instant"", ""Gregorian"", 8.]",0.9380000000000001
"DateObject[{2019, 5, 27, 0, 0, 0.}, ""Instant"", ""Gregorian"", 8.]",0.9590000000000001
"DateObject[{2019, 5, 28, 0, 0, 0.}, ""Instant"", ""Gregorian"", 8.]",0.8310000000000001
"DateObject[{2019, 5, 29, 0, 0, 0.}, ""Instant"", ""Gregorian"", 8.]",0.766
"DateObject[{2019, 5, 30, 0, 0, 0.}, ""Instant"", ""Gregorian"", 8.]",0.812
"DateObject[{2019, 5, 31, 0, 0, 0.}, ""Instant"", ""Gregorian"", 8.]",0.724
"DateObject[{2019, 6, 1, 0, 0, 0.}, ""Instant"", ""Gregorian"", 8.]",0.5660000000000001
"DateObject[{2019, 6, 2, 0, 0, 0.}, ""Instant"", ""Gregorian"", 8.]",0.616
"DateObject[{2019, 6, 3, 0, 0, 0.}, ""Instant"", ""Gregorian"", 8.]",0.6950000000000001
"DateObject[{2019, 6, 4, 0, 0, 0.}, ""Instant"", ""Gregorian"", 8.]",0.641
"DateObject[{2019, 6, 5, 0, 0, 0.}, ""Instant"", ""Gregorian"", 8.]",0.6900000000000001
"DateObject[{2019, 6, 6, 0, 0, 0.}, ""Instant"", ""Gregorian"", 8.]",0.652
"DateObject[{2019, 6, 7, 0, 0, 0.}, ""Instant"", ""Gregorian"", 8.]",0.466
"DateObject[{2019, 6, 8, 0, 0, 0.}, ""Instant"", ""Gregorian"", 8.]",0.538
"DateObject[{2019, 6, 9, 0, 0, 0.}, ""Instant"", ""Gregorian"", 8.]",0.487
"DateObject[{2019, 6, 10, 0, 0, 0.}, ""Instant"", ""Gregorian"", 8.]",0.41200000000000003
"DateObject[{2019, 6, 11, 0, 0, 0.}, ""Instant"", ""Gregorian"", 8.]",0.585
"DateObject[{2019, 6, 12, 0, 0, 0.}, ""Instant"", ""Gregorian"", 8.]",0.641
"DateObject[{2019, 6, 13, 0, 0, 0.}, ""Instant"", ""Gregorian"", 8.]",0.43
"DateObject[{2019, 6, 14, 0, 0, 0.}, ""Instant"", ""Gregorian"", 8.]",0.47700000000000004
"DateObject[{2019, 6, 15, 0, 0, 0.}, ""Instant"", ""Gregorian"", 8.]",0.592
"DateObject[{2019, 6, 16, 0, 0, 0.}, ""Instant"", ""Gregorian"", 8.]",0.47600000000000003
"DateObject[{2019, 6, 17, 0, 0, 0.}, ""Instant"", ""Gregorian"", 8.]",0.517
"DateObject[{2019, 6, 18, 0, 0, 0.}, ""Instant"", ""Gregorian"", 8.]",0.501
"DateObject[{2019, 6, 19, 0, 0, 0.}, ""Instant"", ""Gregorian"", 8.]",0.522
"DateObject[{2019, 6, 20, 0, 0, 0.}, ""Instant"", ""Gregorian"", 8.]",0.449
"DateObject[{2019, 6, 21, 0, 0, 0.}, ""Instant"", ""Gregorian"", 8.]",0.423
"DateObject[{2019, 6, 22, 0, 0, 0.}, ""Instant"", ""Gregorian"", 8.]",0.431
"DateObject[{2019, 6, 23, 0, 0, 0.}, ""Instant"", ""Gregorian"", 8.]",0.531
"DateObject[{2019, 6, 24, 0, 0, 0.}, ""Instant"", ""Gregorian"", 8.]",0.426
"DateObject[{2019, 6, 25, 0, 0, 0.}, ""Instant"", ""Gregorian"", 8.]",0.437
"DateObject[{2019, 6, 26, 0, 0, 0.}, ""Instant"", ""Gregorian"", 8.]",0.41000000000000003
"DateObject[{2019, 6, 27, 0, 0, 0.}, ""Instant"", ""Gregorian"", 8.]",0.34700000000000003
"DateObject[{2019, 6, 28, 0, 0, 0.}, ""Instant"", ""Gregorian"", 8.]",0.34600000000000003
"DateObject[{2019, 6, 29, 0, 0, 0.}, ""Instant"", ""Gregorian"", 8.]",0.304
"DateObject[{2019, 6, 30, 0, 0, 0.}, ""Instant"", ""Gregorian"", 8.]",0.374
"DateObject[{2019, 7, 1, 0, 0, 0.}, ""Instant"", ""Gregorian"", 8.]",0.367
"DateObject[{2019, 7, 2, 0, 0, 0.}, ""Instant"", ""Gregorian"", 8.]",0.41200000000000003
"DateObject[{2019, 7, 3, 0, 0, 0.}, ""Instant"", ""Gregorian"", 8.]",0.403
"DateObject[{2019, 7, 4, 0, 0, 0.}, ""Instant"", ""Gregorian"", 8.]",0.41000000000000003
"DateObject[{2019, 7, 5, 0, 0, 0.}, ""Instant"", ""Gregorian"", 8.]",0.425
"DateObject[{2019, 7, 6, 0, 0, 0.}, ""Instant"", ""Gregorian"", 8.]",0.419
"DateObject[{2019, 7, 7, 0, 0, 0.}, ""Instant"", ""Gregorian"", 8.]",0.55
"DateObject[{2019, 7, 8, 0, 0, 0.}, ""Instant"", ""Gregorian"", 8.]",0.606
"DateObject[{2019, 7, 9, 0, 0, 0.}, ""Instant"", ""Gregorian"", 8.]",0.537
"DateObject[{2019, 7, 10, 0, 0, 0.}, ""Instant"", ""Gregorian"", 8.]",0.644
"DateObject[{2019, 7, 11, 0, 0, 0.}, ""Instant"", ""Gregorian"", 8.]",0.532
"DateObject[{2019, 7, 12, 0, 0, 0.}, ""Instant"", ""Gregorian"", 8.]",0.581
"DateObject[{2019, 7, 13, 0, 0, 0.}, ""Instant"", ""Gregorian"", 8.]",0.683
"DateObject[{2019, 7, 14, 0, 0, 0.}, ""Instant"", ""Gregorian"", 8.]",0.544
"DateObject[{2019, 7, 15, 0, 0, 0.}, ""Instant"", ""Gregorian"", 8.]",0.719
"DateObject[{2019, 7, 16, 0, 0, 0.}, ""Instant"", ""Gregorian"", 8.]",0.382
"DateObject[{2019, 7, 17, 0, 0, 0.}, ""Instant"", ""Gregorian"", 8.]",0.441
"DateObject[{2019, 7, 18, 0, 0, 0.}, ""Instant"", ""Gregorian"", 8.]",0.506
"DateObject[{2019, 7, 19, 0, 0, 0.}, ""Instant"", ""Gregorian"", 8.]",0.5660000000000001
"DateObject[{2019, 7, 20, 0, 0, 0.}, ""Instant"", ""Gregorian"", 8.]",0.512
"DateObject[{2019, 7, 21, 0, 0, 0.}, ""Instant"", ""Gregorian"", 8.]",0.417
"DateObject[{2019, 7, 22, 0, 0, 0.}, ""Instant"", ""Gregorian"", 8.]",0.421
"DateObject[{2019, 7, 23, 0, 0, 0.}, ""Instant"", ""Gregorian"", 8.]",0.423
"DateObject[{2019, 7, 24, 0, 0, 0.}, ""Instant"", ""Gregorian"", 8.]",0.383
"DateObject[{2019, 7, 25, 0, 0, 0.}, ""Instant"", ""Gregorian"", 8.]",0.41100000000000003
"DateObject[{2019, 7, 26, 0, 0, 0.}, ""Instant"", ""Gregorian"", 8.]",0.436
"DateObject[{2019, 7, 27, 0, 0, 0.}, ""Instant"", ""Gregorian"", 8.]",0.589
"DateObject[{2019, 7, 28, 0, 0, 0.}, ""Instant"", ""Gregorian"", 8.]",0.856
"DateObject[{2019, 7, 29, 0, 0, 0.}, ""Instant"", ""Gregorian"", 8.]",0.578
"DateObject[{2019, 7, 30, 0, 0, 0.}, ""Instant"", ""Gregorian"", 8.]",0.484
"DateObject[{2019, 7, 31, 0, 0, 0.}, ""Instant"", ""Gregorian"", 8.]",0.514
"DateObject[{2019, 8, 1, 0, 0, 0.}, ""Instant"", ""Gregorian"", 8.]",0.544
"DateObject[{2019, 8, 2, 0, 0, 0.}, ""Instant"", ""Gregorian"", 8.]","Missing[""NotAvailable""]"
"DateObject[{2019, 8, 3, 0, 0, 0.}, ""Instant"", ""Gregorian"", 8.]",0.623
"DateObject[{2019, 8, 4, 0, 0, 0.}, ""Instant"", ""Gregorian"", 8.]",0.526
"DateObject[{2019, 8, 5, 0, 0, 0.}, ""Instant"", ""Gregorian"", 8.]",0.482
"DateObject[{2019, 8, 6, 0, 0, 0.}, ""Instant"", ""Gregorian"", 8.]",0.516
"DateObject[{2019, 8, 7, 0, 0, 0.}, ""Instant"", ""Gregorian"", 8.]",0.47100000000000003
"DateObject[{2019, 8, 8, 0, 0, 0.}, ""Instant"", ""Gregorian"", 8.]",0.617
"DateObject[{2019, 8, 9, 0, 0, 0.}, ""Instant"", ""Gregorian"", 8.]",0.623
"DateObject[{2019, 8, 10, 0, 0, 0.}, ""Instant"", ""Gregorian"", 8.]",0.581
"DateObject[{2019, 8, 11, 0, 0, 0.}, ""Instant"", ""Gregorian"", 8.]",0.548
"DateObject[{2019, 8, 12, 0, 0, 0.}, ""Instant"", ""Gregorian"", 8.]",0.526
"DateObject[{2019, 8, 14, 0, 0, 0.}, ""Instant"", ""Gregorian"", 8.]",0.656
"DateObject[{2019, 8, 15, 0, 0, 0.}, ""Instant"", ""Gregorian"", 8.]",0.556
"DateObject[{2019, 8, 16, 0, 0, 0.}, ""Instant"", ""Gregorian"", 8.]",0.625
"DateObject[{2019, 8, 17, 0, 0, 0.}, ""Instant"", ""Gregorian"", 8.]",0.752
"DateObject[{2019, 8, 18, 0, 0, 0.}, ""Instant"", ""Gregorian"", 8.]",0.663
"DateObject[{2019, 8, 19, 0, 0, 0.}, ""Instant"", ""Gregorian"", 8.]",0.446
"DateObject[{2019, 8, 20, 0, 0, 0.}, ""Instant"", ""Gregorian"", 8.]",0.385
"DateObject[{2019, 8, 21, 0, 0, 0.}, ""Instant"", ""Gregorian"", 8.]",0.422
"DateObject[{2019, 8, 22, 0, 0, 0.}, ""Instant"", ""Gregorian"", 8.]",0.544
"DateObject[{2019, 8, 23, 0, 0, 0.}, ""Instant"", ""Gregorian"", 8.]",0.538
"DateObject[{2019, 8, 24, 0, 0, 0.}, ""Instant"", ""Gregorian"", 8.]",0.487
"DateObject[{2019, 8, 25, 0, 0, 0.}, ""Instant"", ""Gregorian"", 8.]",0.642
"DateObject[{2019, 8, 26, 0, 0, 0.}, ""Instant"", ""Gregorian"", 8.]",0.609
"DateObject[{2019, 8, 27, 0, 0, 0.}, ""Instant"", ""Gregorian"", 8.]",0.522
"DateObject[{2019, 8, 28, 0, 0, 0.}, ""Instant"", ""Gregorian"", 8.]",0.589
"DateObject[{2019, 8, 29, 0, 0, 0.}, ""Instant"", ""Gregorian"", 8.]",0.5670000000000001
"DateObject[{2019, 8, 30, 0, 0, 0.}, ""Instant"", ""Gregorian"", 8.]",0.55
"DateObject[{2019, 8, 31, 0, 0, 0.}, ""Instant"", ""Gregorian"", 8.]",0.583
"DateObject[{2019, 9, 1, 0, 0, 0.}, ""Instant"", ""Gregorian"", 8.]",0.636
"DateObject[{2019, 9, 2, 0, 0, 0.}, ""Instant"", ""Gregorian"", 8.]",0.6910000000000001
"DateObject[{2019, 9, 4, 0, 0, 0.}, ""Instant"", ""Gregorian"", 8.]",0.481
"DateObject[{2019, 9, 5, 0, 0, 0.}, ""Instant"", ""Gregorian"", 8.]",0.449
"DateObject[{2019, 9, 6, 0, 0, 0.}, ""Instant"", ""Gregorian"", 8.]",0.5710000000000001
"DateObject[{2019, 9, 7, 0, 0, 0.}, ""Instant"", ""Gregorian"", 8.]",0.607
"DateObject[{2019, 9, 8, 0, 0, 0.}, ""Instant"", ""Gregorian"", 8.]",0.5650000000000001
"DateObject[{2019, 9, 9, 0, 0, 0.}, ""Instant"", ""Gregorian"", 8.]",0.501
"DateObject[{2019, 9, 10, 0, 0, 0.}, ""Instant"", ""Gregorian"", 8.]",0.56
"DateObject[{2019, 9, 11, 0, 0, 0.}, ""Instant"", ""Gregorian"", 8.]",0.47700000000000004
"DateObject[{2019, 9, 12, 0, 0, 0.}, ""Instant"", ""Gregorian"", 8.]",0.484
"DateObject[{2019, 9, 13, 0, 0, 0.}, ""Instant"", ""Gregorian"", 8.]",0.402
"DateObject[{2019, 9, 14, 0, 0, 0.}, ""Instant"", ""Gregorian"", 8.]",0.53
"DateObject[{2019, 9, 15, 0, 0, 0.}, ""Instant"", ""Gregorian"", 8.]",0.518
"DateObject[{2019, 9, 16, 0, 0, 0.}, ""Instant"", ""Gregorian"", 8.]",0.5670000000000001
"DateObject[{2019, 9, 17, 0, 0, 0.}, ""Instant"", ""Gregorian"", 8.]",0.46900000000000003
"DateObject[{2019, 9, 18, 0, 0, 0.}, ""Instant"", ""Gregorian"", 8.]",0.631
"DateObject[{2019, 9, 19, 0, 0, 0.}, ""Instant"", ""Gregorian"", 8.]",0.744
"DateObject[{2019, 9, 20, 0, 0, 0.}, ""Instant"", ""Gregorian"", 8.]",0.489
"DateObject[{2019, 9, 21, 0, 0, 0.}, ""Instant"", ""Gregorian"", 8.]",0.552
"DateObject[{2019, 9, 22, 0, 0, 0.}, ""Instant"", ""Gregorian"", 8.]",0.882
"DateObject[{2019, 9, 23, 0, 0, 0.}, ""Instant"", ""Gregorian"", 8.]",0.796
"DateObject[{2019, 9, 24, 0, 0, 0.}, ""Instant"", ""Gregorian"", 8.]",0.682
"DateObject[{2019, 9, 25, 0, 0, 0.}, ""Instant"", ""Gregorian"", 8.]",0.704
"DateObject[{2019, 9, 26, 0, 0, 0.}, ""Instant"", ""Gregorian"", 8.]",0.581
"DateObject[{2019, 9, 27, 0, 0, 0.}, ""Instant"", ""Gregorian"", 8.]",0.615
"DateObject[{2019, 9, 28, 0, 0, 0.}, ""Instant"", ""Gregorian"", 8.]",0.735
"DateObject[{2019, 9, 29, 0, 0, 0.}, ""Instant"", ""Gregorian"", 8.]",0.657
"DateObject[{2019, 9, 30, 0, 0, 0.}, ""Instant"", ""Gregorian"", 8.]",0.714
"DateObject[{2019, 10, 1, 0, 0, 0.}, ""Instant"", ""Gregorian"", 8.]",0.665
"DateObject[{2019, 10, 2, 0, 0, 0.}, ""Instant"", ""Gregorian"", 8.]",0.8160000000000001
"DateObject[{2019, 10, 3, 0, 0, 0.}, ""Instant"", ""Gregorian"", 8.]",0.741
"DateObject[{2019, 10, 4, 0, 0, 0.}, ""Instant"", ""Gregorian"", 8.]",0.447
"DateObject[{2019, 10, 5, 0, 0, 0.}, ""Instant"", ""Gregorian"", 8.]",0.645
"DateObject[{2019, 10, 6, 0, 0, 0.}, ""Instant"", ""Gregorian"", 8.]",0.685
"DateObject[{2019, 10, 7, 0, 0, 0.}, ""Instant"", ""Gregorian"", 8.]",0.634
"DateObject[{2019, 10, 8, 0, 0, 0.}, ""Instant"", ""Gregorian"", 8.]",0.534
"DateObject[{2019, 10, 9, 0, 0, 0.}, ""Instant"", ""Gregorian"", 8.]",0.622
"DateObject[{2019, 10, 10, 0, 0, 0.}, ""Instant"", ""Gregorian"", 8.]",0.6990000000000001
"DateObject[{2019, 10, 11, 0, 0, 0.}, ""Instant"", ""Gregorian"", 8.]",0.672
"DateObject[{2019, 10, 12, 0, 0, 0.}, ""Instant"", ""Gregorian"", 8.]",0.7000000000000001
"DateObject[{2019, 10, 13, 0, 0, 0.}, ""Instant"", ""Gregorian"", 8.]",0.7030000000000001
"DateObject[{2019, 10, 14, 0, 0, 0.}, ""Instant"", ""Gregorian"", 8.]",0.732
"DateObject[{2019, 10, 15, 0, 0, 0.}, ""Instant"", ""Gregorian"", 8.]",0.788
"DateObject[{2019, 10, 16, 0, 0, 0.}, ""Instant"", ""Gregorian"", 8.]",0.6980000000000001
"DateObject[{2019, 10, 17, 0, 0, 0.}, ""Instant"", ""Gregorian"", 8.]",0.622
"DateObject[{2019, 10, 18, 0, 0, 0.}, ""Instant"", ""Gregorian"", 8.]",0.6930000000000001
"DateObject[{2019, 10, 19, 0, 0, 0.}, ""Instant"", ""Gregorian"", 8.]",0.706
"DateObject[{2019, 10, 20, 0, 0, 0.}, ""Instant"", ""Gregorian"", 8.]",0.758
"DateObject[{2019, 10, 21, 0, 0, 0.}, ""Instant"", ""Gregorian"", 8.]",0.672
"DateObject[{2019, 10, 22, 0, 0, 0.}, ""Instant"", ""Gregorian"", 8.]",0.64
"DateObject[{2019, 10, 23, 0, 0, 0.}, ""Instant"", ""Gregorian"", 8.]",0.587
"DateObject[{2019, 10, 24, 0, 0, 0.}, ""Instant"", ""Gregorian"", 8.]",0.676
"DateObject[{2019, 10, 25, 0, 0, 0.}, ""Instant"", ""Gregorian"", 8.]",0.8240000000000001
"DateObject[{2019, 10, 26, 0, 0, 0.}, ""Instant"", ""Gregorian"", 8.]",0.6980000000000001
"DateObject[{2019, 10, 27, 0, 0, 0.}, ""Instant"", ""Gregorian"", 8.]",0.68
"DateObject[{2019, 10, 28, 0, 0, 0.}, ""Instant"", ""Gregorian"", 8.]",0.743
"DateObject[{2019, 10, 29, 0, 0, 0.}, ""Instant"", ""Gregorian"", 8.]",0.77
"DateObject[{2019, 10, 30, 0, 0, 0.}, ""Instant"", ""Gregorian"", 8.]",0.767
"DateObject[{2019, 10, 31, 0, 0, 0.}, ""Instant"", ""Gregorian"", 8.]",0.79
"DateObject[{2019, 11, 1, 0, 0, 0.}, ""Instant"", ""Gregorian"", 8.]",0.8260000000000001
"DateObject[{2019, 11, 2, 0, 0, 0.}, ""Instant"", ""Gregorian"", 8.]",0.8300000000000001
"DateObject[{2019, 11, 3, 0, 0, 0.}, ""Instant"", ""Gregorian"", 8.]",0.841
"DateObject[{2019, 11, 4, 0, 0, 0.}, ""Instant"", ""Gregorian"", 8.]",0.761
"DateObject[{2019, 11, 5, 0, 0, 0.}, ""Instant"", ""Gregorian"", 8.]",0.8180000000000001
"DateObject[{2019, 11, 6, 0, 0, 0.}, ""Instant"", ""Gregorian"", 8.]",0.7000000000000001
"DateObject[{2019, 11, 7, 0, 0, 0.}, ""Instant"", ""Gregorian"", 8.]",0.658
"DateObject[{2019, 11, 8, 0, 0, 0.}, ""Instant"", ""Gregorian"", 8.]",0.885
"DateObject[{2019, 11, 9, 0, 0, 0.}, ""Instant"", ""Gregorian"", 8.]",0.8190000000000001
"DateObject[{2019, 11, 10, 0, 0, 0.}, ""Instant"", ""Gregorian"", 8.]",0.762
"DateObject[{2019, 11, 11, 0, 0, 0.}, ""Instant"", ""Gregorian"", 8.]",0.923
"DateObject[{2019, 11, 12, 0, 0, 0.}, ""Instant"", ""Gregorian"", 8.]",0.861
"DateObject[{2019, 11, 13, 0, 0, 0.}, ""Instant"", ""Gregorian"", 8.]",0.843
"DateObject[{2019, 11, 14, 0, 0, 0.}, ""Instant"", ""Gregorian"", 8.]",0.804
"DateObject[{2019, 11, 15, 0, 0, 0.}, ""Instant"", ""Gregorian"", 8.]",0.799
"DateObject[{2019, 11, 16, 0, 0, 0.}, ""Instant"", ""Gregorian"", 8.]",0.858
"DateObject[{2019, 11, 17, 0, 0, 0.}, ""Instant"", ""Gregorian"", 8.]",0.796
"DateObject[{2019, 11, 18, 0, 0, 0.}, ""Instant"", ""Gregorian"", 8.]",0.8140000000000001
"DateObject[{2019, 11, 19, 0, 0, 0.}, ""Instant"", ""Gregorian"", 8.]",0.784
"DateObject[{2019, 11, 20, 0, 0, 0.}, ""Instant"", ""Gregorian"", 8.]",0.896
"DateObject[{2019, 11, 21, 0, 0, 0.}, ""Instant"", ""Gregorian"", 8.]",0.799
"DateObject[{2019, 11, 22, 0, 0, 0.}, ""Instant"", ""Gregorian"", 8.]",0.774
"DateObject[{2019, 11, 23, 0, 0, 0.}, ""Instant"", ""Gregorian"", 8.]",0.658
"DateObject[{2019, 11, 24, 0, 0, 0.}, ""Instant"", ""Gregorian"", 8.]",0.917
"DateObject[{2019, 11, 25, 0, 0, 0.}, ""Instant"", ""Gregorian"", 8.]",0.801
"DateObject[{2019, 11, 26, 0, 0, 0.}, ""Instant"", ""Gregorian"", 8.]",0.73
"DateObject[{2019, 11, 27, 0, 0, 0.}, ""Instant"", ""Gregorian"", 8.]",0.844
"DateObject[{2019, 11, 28, 0, 0, 0.}, ""Instant"", ""Gregorian"", 8.]",0.803
"DateObject[{2019, 11, 29, 0, 0, 0.}, ""Instant"", ""Gregorian"", 8.]",0.9
"DateObject[{2019, 11, 30, 0, 0, 0.}, ""Instant"", ""Gregorian"", 8.]",0.915
"DateObject[{2019, 12, 1, 0, 0, 0.}, ""Instant"", ""Gregorian"", 8.]",0.8240000000000001
"DateObject[{2019, 12, 2, 0, 0, 0.}, ""Instant"", ""Gregorian"", 8.]",0.785
"DateObject[{2019, 12, 3, 0, 0, 0.}, ""Instant"", ""Gregorian"", 8.]",0.866
"DateObject[{2019, 12, 4, 0, 0, 0.}, ""Instant"", ""Gregorian"", 8.]",0.625
"DateObject[{2019, 12, 5, 0, 0, 0.}, ""Instant"", ""Gregorian"", 8.]",0.6980000000000001
"DateObject[{2019, 12, 6, 0, 0, 0.}, ""Instant"", ""Gregorian"", 8.]",0.795
"DateObject[{2019, 12, 7, 0, 0, 0.}, ""Instant"", ""Gregorian"", 8.]",0.854
"DateObject[{2019, 12, 8, 0, 0, 0.}, ""Instant"", ""Gregorian"", 8.]",0.87
"DateObject[{2019, 12, 9, 0, 0, 0.}, ""Instant"", ""Gregorian"", 8.]",0.871
"DateObject[{2019, 12, 10, 0, 0, 0.}, ""Instant"", ""Gregorian"", 8.]",0.6940000000000001
"DateObject[{2019, 12, 11, 0, 0, 0.}, ""Instant"", ""Gregorian"", 8.]",0.539
"DateObject[{2019, 12, 12, 0, 0, 0.}, ""Instant"", ""Gregorian"", 8.]",0.86
"DateObject[{2019, 12, 13, 0, 0, 0.}, ""Instant"", ""Gregorian"", 8.]",0.935
"DateObject[{2019, 12, 14, 0, 0, 0.}, ""Instant"", ""Gregorian"", 8.]",0.642
"DateObject[{2019, 12, 15, 0, 0, 0.}, ""Instant"", ""Gregorian"", 8.]",0.8240000000000001
"DateObject[{2019, 12, 16, 0, 0, 0.}, ""Instant"", ""Gregorian"", 8.]",0.795
"DateObject[{2019, 12, 17, 0, 0, 0.}, ""Instant"", ""Gregorian"", 8.]",0.747
"DateObject[{2019, 12, 18, 0, 0, 0.}, ""Instant"", ""Gregorian"", 8.]",0.895
"DateObject[{2019, 12, 19, 0, 0, 0.}, ""Instant"", ""Gregorian"", 8.]",0.866
"DateObject[{2019, 12, 20, 0, 0, 0.}, ""Instant"", ""Gregorian"", 8.]",0.868
"DateObject[{2019, 12, 21, 0, 0, 0.}, ""Instant"", ""Gregorian"", 8.]",0.867
"DateObject[{2019, 12, 22, 0, 0, 0.}, ""Instant"", ""Gregorian"", 8.]",0.736
"DateObject[{2019, 12, 23, 0, 0, 0.}, ""Instant"", ""Gregorian"", 8.]",0.667
"DateObject[{2019, 12, 24, 0, 0, 0.}, ""Instant"", ""Gregorian"", 8.]",0.761
"DateObject[{2019, 12, 25, 0, 0, 0.}, ""Instant"", ""Gregorian"", 8.]",0.774
"DateObject[{2019, 12, 26, 0, 0, 0.}, ""Instant"", ""Gregorian"", 8.]",0.808
"DateObject[{2019, 12, 27, 0, 0, 0.}, ""Instant"", ""Gregorian"", 8.]",0.8180000000000001
"DateObject[{2019, 12, 28, 0, 0, 0.}, ""Instant"", ""Gregorian"", 8.]",0.548
"DateObject[{2019, 12, 29, 0, 0, 0.}, ""Instant"", ""Gregorian"", 8.]",0.454
"DateObject[{2019, 12, 30, 0, 0, 0.}, ""Instant"", ""Gregorian"", 8.]",0.497
"DateObject[{2019, 12, 31, 0, 0, 0.}, ""Instant"", ""Gregorian"", 8.]",0.667
